region,species_name,type,current_status,short_trend,short_trend_cat,long_trend,long_trend_cat,current_abundance,current_abundance_year,average_abundance,previous_gen_abundance,gen_length,nyears,rangeyears,datasetversion
Central Coast,Chinook,Spawners,0.100098326,0.026279449,arrows-left-right,0.011322482,arrow-up,18278,2024,16615,21910,5,50,1975-2024,20251112
Central Coast,Chinook,Run Size,-989898,-989898,-989898,-989898,-989898,-989898,-989898,-989898,-989898,5,-989898,-989898,20251112
Central Coast,Chum,Spawners,-0.573273229,-0.086138825,arrow-down,-0.006748188,arrow-down,210944,2023,494330,343675,4,74,1950-2023,20251112
Central Coast,Chum,Run Size,-989898,-989898,-989898,-989898,-989898,-989898,-989898,-989898,-989898,4,-989898,-989898,20251112
Central Coast,Coho,Spawners,-0.17943705,-0.05766602,arrow-down,-0.004229975,arrow-down,135175,2023,164734,124641,4,74,1950-2023,20251112
Central Coast,Coho,Run Size,-989898,-989898,-989898,-989898,-989898,-989898,-989898,-989898,-989898,4,-989898,-989898,20251112
Central Coast,Pink,Spawners,-0.242314881,0.17407337,arrows-left-right,0.005954693,arrow-up,1628315,2023,2149065,3333341,2,74,1950-2023,20251112
Central Coast,Pink,Run Size,-989898,-989898,-989898,-989898,-989898,-989898,-989898,-989898,-989898,2,-989898,-989898,20251112
Central Coast,Sockeye,Spawners,-0.440974029,0.024575686,arrows-left-right,-0.01638583,arrow-down,226513,2023,405193,330711,5,74,1950-2023,20251112
Central Coast,Sockeye,Run Size,-989898,-989898,-989898,-989898,-989898,-989898,-989898,-989898,-989898,5,-989898,-989898,20251112
Central Coast,Steelhead,Spawners,-989898,-989898,-989898,-989898,-989898,-989898,-989898,-989898,-989898,-989898,-989898,-989898,20251112
Central Coast,Steelhead,Run Size,-989898,-989898,-989898,-989898,-989898,-989898,-989898,-989898,-989898,-989898,-989898,-989898,20251112
Columbia,Chinook,Spawners,-999999,0.109098673,arrow-up,0.06512179,arrow-up,33,2023,23,37,5,18,2006-2023,20251112
Columbia,Chinook,Run Size,-989898,-989898,-989898,-989898,-989898,-989898,-989898,-989898,-989898,5,-989898,-989898,20251112
Columbia,Sockeye,Spawners,1.868723386,-0.033923905,arrow-down,0.024763442,arrow-up,64656,2024,22538,44982,4,64,1961-2024,20251112
Columbia,Sockeye,Run Size,2.978908431,-0.055080247,arrows-left-right,0.04782719,arrow-up,267956,2023,67344,110511,4,44,1980-2023,20251112
Columbia,Steelhead,Spawners,-999999,-0.138273021,arrow-down,-0.129759931,arrow-down,7,2024,21,20,5,19,2006-2024,20251112
Columbia,Steelhead,Run Size,-989898,-989898,-989898,-989898,-989898,-989898,-989898,-989898,-989898,5,-989898,-989898,20251112
East Vancouver Island & Mainland Inlets,Chinook,Spawners,2.362126943,0.134223093,arrow-up,0.011395954,arrows-left-right,26382,2024,7847,16960,4,46,1979-2024,20251112
East Vancouver Island & Mainland Inlets,Chinook,Run Size,2.14511213,0.129389616,arrow-up,0.01497153,arrow-up,30119,2024,9577,19200,4,50,1975-2024,20251112
East Vancouver Island & Mainland Inlets,Chum,Spawners,-0.57705065,-0.099801004,arrow-down,0.00647636,arrow-up,345309,2023,816432,905331,4,71,1953-2023,20251112
East Vancouver Island & Mainland Inlets,Chum,Run Size,-989898,-989898,-989898,-989898,-989898,-989898,-989898,-989898,-989898,4,-989898,-989898,20251112
East Vancouver Island & Mainland Inlets,Coho,Spawners,0.202195187,0.004424911,arrows-left-right,-0.004178167,arrow-down,319430,2023,265705,206205,4,71,1953-2023,20251112
East Vancouver Island & Mainland Inlets,Coho,Run Size,-989898,-989898,-989898,-989898,-989898,-989898,-989898,-989898,-989898,4,-989898,-989898,20251112
East Vancouver Island & Mainland Inlets,Pink,Spawners,1.639301785,0.235869784,arrow-up,0.021685827,arrow-up,2986455,2023,1131532,1872974,2,71,1953-2023,20251112
East Vancouver Island & Mainland Inlets,Pink,Run Size,-989898,-989898,-989898,-989898,-989898,-989898,-989898,-989898,-989898,2,-989898,-989898,20251112
East Vancouver Island & Mainland Inlets,Sockeye,Spawners,-0.126639952,0.023782134,arrows-left-right,-0.009842861,arrow-down,97047,2023,111119,117152,5,71,1953-2023,20251112
East Vancouver Island & Mainland Inlets,Sockeye,Run Size,-989898,-989898,-989898,-989898,-989898,-989898,-989898,-989898,-989898,5,-989898,-989898,20251112
East Vancouver Island & Mainland Inlets,Steelhead,Spawners,-0.440377674,-0.044088409,arrow-down,-0.021674485,arrow-down,731,2024,1306,1123,5,49,1976-2024,20251112
East Vancouver Island & Mainland Inlets,Steelhead,Run Size,-989898,-989898,-989898,-989898,-989898,-989898,-989898,-989898,-989898,5,-989898,-989898,20251112
Fraser,Chinook,Spawners,0.44271289,0.009771089,arrows-left-right,0.000984766,arrows-left-right,331766,2024,229960,182281,5,41,1984-2024,20251112
Fraser,Chinook,Run Size,0.394574862,0.005647855,arrows-left-right,0.000784578,arrows-left-right,370350,2024,265565,207250,5,41,1984-2024,20251112
Fraser,Chum,Spawners,-0.285019046,-0.064671017,arrow-down,-0.056613454,arrow-down,809178,2024,1131748,535697,4,27,1998-2024,20251112
Fraser,Chum,Run Size,-0.348525502,-0.07804768,arrow-down,-0.053946401,arrow-down,841198,2024,1291221,639791,4,27,1998-2024,20251112
Fraser,Coho,Spawners,1.041467046,0.083621674,arrow-up,-0.009058191,arrows-left-right,79999,2024,39187,40529,4,41,1984-2024,20251112
Fraser,Coho,Run Size,0.364823663,0.060390602,arrow-up,-0.046805585,arrow-down,85926,2023,62957,45811,4,40,1984-2023,20251112
Fraser,Pink,Spawners,1.095332838,0.035246113,arrows-left-right,0.035696318,arrow-up,9542025,2023,4553942,7827445,2,33,1959-2023,20251112
Fraser,Pink,Run Size,0.119474664,0.043754292,arrows-left-right,0.011314376,arrows-left-right,10513292,2023,9391273,8107514,2,33,1959-2023,20251112
Fraser,Sockeye,Spawners,0.082576016,-0.110826807,arrow-down,0.009749413,arrow-up,1139550,2023,1052628,873283,4,131,1893-2023,20251112
Fraser,Sockeye,Run Size,-0.595990464,-0.122267679,arrow-down,-0.000506712,arrows-left-right,1819994,2024,4504830,1347292,4,132,1893-2024,20251112
Fraser,Steelhead,Spawners,-0.813327235,-0.12259433,arrow-down,-0.018123198,arrow-down,271,2023,1452,672,5,52,1972-2023,20251112
Fraser,Steelhead,Run Size,-989898,-989898,-989898,-989898,-989898,-989898,-989898,-989898,-989898,5,-989898,-989898,20251112
Haida Gwaii,Chinook,Spawners,-989898,0.073113873,arrow-up,0.003971878,arrows-left-right,-989898,2006,1609,-989898,5,72,1935-2006,20251112
Haida Gwaii,Chinook,Run Size,-989898,-989898,-989898,-989898,-989898,-989898,-989898,-989898,-989898,5,-989898,-989898,20251112
Haida Gwaii,Chum,Spawners,-0.668529442,-0.060457119,arrow-down,-0.015780253,arrow-down,79087,2023,238595,147956,5,74,1950-2023,20251112
Haida Gwaii,Chum,Run Size,-989898,-989898,-989898,-989898,-989898,-989898,-989898,-989898,-989898,5,-989898,-989898,20251112
Haida Gwaii,Coho,Spawners,-0.760015201,-0.117003374,arrow-down,-0.009563147,arrow-down,17171,2023,71550,58772,4,74,1950-2023,20251112
Haida Gwaii,Coho,Run Size,-989898,-989898,-989898,-989898,-989898,-989898,-989898,-989898,-989898,4,-989898,-989898,20251112
Haida Gwaii,Pink,Spawners,-0.295010503,-0.18825146,arrows-left-right,-0.015830032,arrow-down,77535,2023,109980,44268,2,74,1950-2023,20251112
Haida Gwaii,Pink,Run Size,-989898,-989898,-989898,-989898,-989898,-989898,-989898,-989898,-989898,2,-989898,-989898,20251112
Haida Gwaii,Sockeye,Spawners,-0.03390851,-0.007447965,arrows-left-right,-0.003603517,arrows-left-right,25788,2023,26694,30069,5,74,1950-2023,20251112
Haida Gwaii,Sockeye,Run Size,-989898,-989898,-989898,-989898,-989898,-989898,-989898,-989898,-989898,5,-989898,-989898,20251112
Haida Gwaii,Steelhead,Spawners,-989898,-989898,-989898,-989898,-989898,-989898,-989898,-989898,-989898,-989898,-989898,-989898,20251112
Haida Gwaii,Steelhead,Run Size,-989898,-989898,-989898,-989898,-989898,-989898,-989898,-989898,-989898,-989898,-989898,-989898,20251112
Nass,Chinook,Spawners,-0.162636021,-0.030403757,arrow-down,-0.004098258,arrows-left-right,13941,2024,16649,11510,5,50,1975-2024,20251112
Nass,Chinook,Run Size,-0.10546087,-0.019632322,arrows-left-right,9.97576979744341e-05,arrows-left-right,20676,2024,23113,17560,5,50,1975-2024,20251112
Nass,Chum,Spawners,1.176767356,0.215937824,arrow-up,-0.010303751,arrow-down,92250,2024,42379,40117,4,75,1950-2024,20251112
Nass,Chum,Run Size,1.286892787,0.215407663,arrow-up,-0.034374923,arrow-down,114895,2024,50241,44693,4,33,1992-2024,20251112
Nass,Coho,Spawners,0.743054514,0.010693799,arrows-left-right,0.025997561,arrow-up,222713,2024,127772,117673,4,33,1992-2024,20251112
Nass,Coho,Run Size,0.533627022,-0.012956332,arrows-left-right,0.018192608,arrow-up,422409,2024,275431,234642,4,33,1992-2024,20251112
Nass,Pink,Spawners,5.63809799,0.476834801,arrow-up,0.024755436,arrow-up,1572554,2024,236898,505420,2,75,1950-2024,20251112
Nass,Pink,Run Size,2.318988877,0.472410093,arrow-up,-3.33E-05,arrows-left-right,1821191,2024,548719,576437,2,33,1992-2024,20251112
Nass,Sockeye,Spawners,0.486868628,0.028081212,arrow-up,0.000759505,arrows-left-right,388585,2024,261344,266004,5,43,1982-2024,20251112
Nass,Sockeye,Run Size,-0.180521627,-0.014437738,arrows-left-right,-0.015176952,arrow-down,546804,2024,667258,442223,5,43,1982-2024,20251112
Nass,Steelhead,Spawners,-0.132883613,-0.034847914,arrow-down,0.022718847,arrow-up,9849,2024,11358,17048,5,33,1992-2024,20251112
Nass,Steelhead,Run Size,-0.259427805,-0.046814713,arrow-down,0.006205496,arrows-left-right,13206,2024,17832,21890,5,33,1992-2024,20251112
Northern Transboundary,Chinook,Spawners,-0.462833016,-0.048194563,arrow-down,-0.012657069,arrow-down,29921,2024,55702,26281,5,49,1976-2024,20251112
Northern Transboundary,Chinook,Run Size,-0.529113849,-0.076979008,arrow-down,-0.009151934,arrow-down,32247,2024,68481,32351,5,49,1976-2024,20251112
Northern Transboundary,Chum,Spawners,-0.761775096,-0.13408737,arrow-down,-0.051879656,arrow-down,55,2024,230,79,4,41,1984-2024,20251112
Northern Transboundary,Chum,Run Size,-989898,-989898,-989898,-989898,-989898,-989898,-989898,-989898,-989898,4,-989898,-989898,20251112
Northern Transboundary,Coho,Spawners,-0.136711355,-0.030302307,arrow-down,0.00580083,arrows-left-right,68447,2024,79287,66428,5,38,1987-2024,20251112
Northern Transboundary,Coho,Run Size,-0.21643284,-0.036556342,arrow-down,-0.011891813,arrow-down,88863,2024,113408,90981,5,33,1992-2024,20251112
Northern Transboundary,Pink,Spawners,-0.835093248,-0.237693952,arrows-left-right,-0.029597575,arrow-down,1420,2024,8609,7418,2,41,1984-2024,20251112
Northern Transboundary,Pink,Run Size,-989898,-989898,-989898,-989898,-989898,-989898,-989898,-989898,-989898,2,-989898,-989898,20251112
Northern Transboundary,Sockeye,Spawners,0.342736345,0.016918008,arrow-up,0.003648265,arrows-left-right,187383,2024,139553,142543,5,41,1984-2024,20251112
Northern Transboundary,Sockeye,Run Size,-0.114393984,-0.019900272,arrow-down,0.001449063,arrows-left-right,281941,2024,318359,296228,5,41,1984-2024,20251112
Northern Transboundary,Steelhead,Spawners,-989898,-989898,-989898,-989898,-989898,-989898,-989898,-989898,-989898,-989898,-989898,-989898,20251112
Northern Transboundary,Steelhead,Run Size,-989898,-989898,-989898,-989898,-989898,-989898,-989898,-989898,-989898,-989898,-989898,-989898,20251112
Skeena,Chinook,Spawners,-0.504924105,-0.068821247,arrow-down,-0.016280701,arrow-down,22415,2024,45276,33516,6,41,1984-2024,20251112
Skeena,Chinook,Run Size,-989898,-989898,-989898,-989898,-989898,-989898,-989898,-989898,-989898,6,-989898,-989898,20251112
Skeena,Chum,Spawners,-0.843678382,-0.103348467,arrow-down,-0.025959679,arrow-down,1382,2023,8842,2232,5,74,1950-2023,20251112
Skeena,Chum,Run Size,-989898,-989898,-989898,-989898,-989898,-989898,-989898,-989898,-989898,5,-989898,-989898,20251112
Skeena,Coho,Spawners,-0.055025058,-0.073762372,arrow-down,-0.010522412,arrow-down,84977,2023,89925,56468,4,74,1950-2023,20251112
Skeena,Coho,Run Size,-989898,-989898,-989898,-989898,-989898,-989898,-989898,-989898,-989898,4,-989898,-989898,20251112
Skeena,Pink,Spawners,2.368467865,1.164559529,arrow-up,-0.006014492,arrows-left-right,3189545,2023,946883,243186,2,74,1950-2023,20251112
Skeena,Pink,Run Size,-989898,-989898,-989898,-989898,-989898,-989898,-989898,-989898,-989898,2,-989898,-989898,20251112
Skeena,Sockeye,Spawners,0.289856225,0.02163177,arrow-up,0.008243277,arrow-up,1252708,2023,971200,1158376,5,64,1960-2023,20251112
Skeena,Sockeye,Run Size,-0.104374681,0.002033466,arrows-left-right,0.001863098,arrows-left-right,1852037,2023,2067870,1860182,5,64,1960-2023,20251112
Skeena,Steelhead,Spawners,-0.405061554,-0.083376345,arrow-down,0.00766715,arrow-up,13001,2024,21853,26466,5,69,1956-2024,20251112
Skeena,Steelhead,Run Size,-989898,-989898,-989898,-989898,-989898,-989898,-989898,-989898,-989898,5,-989898,-989898,20251112
West Vancouver Island,Chinook,Spawners,0.320368597,0.017460596,arrows-left-right,0.023140126,arrow-up,16323,2024,12362,14265,4,30,1995-2024,20251112
West Vancouver Island,Chinook,Run Size,0.467094728,0.068671605,arrow-up,-0.000205374,arrows-left-right,355233,2023,242134,297638,4,39,1985-2023,20251112
West Vancouver Island,Chum,Spawners,-0.416787912,-0.070319062,arrow-down,0.006275598,arrow-up,257860,2024,442138,343921,4,72,1953-2024,20251112
West Vancouver Island,Chum,Run Size,-989898,-989898,-989898,-989898,-989898,-989898,-989898,-989898,-989898,4,-989898,-989898,20251112
West Vancouver Island,Coho,Spawners,-0.024680383,-0.04265692,arrow-down,0.003152823,arrows-left-right,126408,2024,129606,145036,4,72,1953-2024,20251112
West Vancouver Island,Coho,Run Size,-989898,-989898,-989898,-989898,-989898,-989898,-989898,-989898,-989898,4,-989898,-989898,20251112
West Vancouver Island,Pink,Spawners,-0.894295081,0.114801447,arrows-left-right,-0.086347632,arrow-down,665,2024,6290,567,2,69,1953-2024,20251112
West Vancouver Island,Pink,Run Size,-989898,-989898,-989898,-989898,-989898,-989898,-989898,-989898,-989898,2,-989898,-989898,20251112
West Vancouver Island,Sockeye,Spawners,0.108972693,-0.022072983,arrows-left-right,0.004873811,arrows-left-right,440852,2024,397532,365859,5,48,1977-2024,20251112
West Vancouver Island,Sockeye,Run Size,-0.040397556,-0.026525757,arrows-left-right,-0.010092006,arrow-down,669218,2024,697391,622280,5,48,1977-2024,20251112
West Vancouver Island,Steelhead,Spawners,-0.344619113,-0.058751351,arrow-down,-0.00698363,arrows-left-right,413,2024,631,416,5,50,1975-2024,20251112
West Vancouver Island,Steelhead,Run Size,-989898,-989898,-989898,-989898,-989898,-989898,-989898,-989898,-989898,5,-989898,-989898,20251112
Yukon,Chinook,Spawners,-0.495204337,-0.023972661,arrow-down,-0.004861399,arrows-left-right,23593,2024,46738,58263,6,43,1982-2024,20251112
Yukon,Chinook,Run Size,-0.684713728,-0.051856512,arrow-down,-0.03310488,arrow-down,30415,2024,96469,72588,6,43,1982-2024,20251112
Yukon,Chum,Spawners,-0.735981785,-0.183088141,arrow-down,0.021077723,arrow-up,20672,2024,78297,109762,4,45,1980-2024,20251112
Yukon,Chum,Run Size,-0.846618335,-0.215749882,arrow-down,-0.037400313,arrows-left-right,21005,2024,136947,162599,4,24,2001-2024,20251112
Yukon,Coho,Spawners,-989898,-989898,-989898,-989898,-989898,-989898,-989898,-989898,-989898,-989898,-989898,-989898,20251112
Yukon,Coho,Run Size,-989898,-989898,-989898,-989898,-989898,-989898,-989898,-989898,-989898,-989898,-989898,-989898,20251112